NumConvLayers,ConvSize,NumFCLayers,FCSize,Accuracy
5,60,2,168,0.7044000029563904
4,60,2,168,0.7202000021934509
2,28,4,168,0.6913999915122986
5,38,3,128,0.6751000285148621
3,50,1,128,0.7181000113487244
3,50,1,128,0.7199000120162964
