NumConvLayers,ConvSize,NumFCLayers,FCSize,Accuracy
3,53,2,234,0.7405999898910522
3,53,2,176,0.7394999861717224
5,62,1,239,0.7347999811172485
3,53,1,105,0.7372000217437744
3,53,1,172,0.7487999796867371
3,68,1,239,0.7547000050544739
3,68,1,239,0.7537000179290771
4,66,1,239,0.7451000213623047
