NumConvLayers,ConvSize,NumFCLayers,FCSize,Accuracy
3,62,2,215,0.7462999820709229
5,106,3,241,0.7304999828338623
3,245,3,66,0.7540000081062317
3,245,3,38,0.7509999871253967
3,138,3,122,0.7549999952316284
2,53,2,241,0.7458999752998352
3,56,2,241,0.7423999905586243
3,56,2,241,0.7408999800682068
3,244,3,81,0.7631000280380249
4,214,2,66,0.7480000257492065
19 ore e 37 minuti