NumConvLayers,ConvSize,NumFCLayers,FCSize,Accuracy
4,64,2,214,0.7242000102996826
4,202,3,61,0.7260000109672546
4,231,2,233,0.7281000018119812
5,192,3,52,0.7185999751091003
4,142,1,52,0.7426999807357788
5,138,2,166,0.7250000238418579
5,138,2,244,0.7199000120162964
3,192,2,166,0.727400004863739
3,192,2,196,0.7390000224113464
3,192,2,166,0.736299991607666
7 ore e 52 minuti